<?xml version="1.0" encoding="UTF-8" standalone="yes"?>
<addon id="repository.xbmcadult" name="heckies Kodi addons" version="1.0.6" provider-name="heckie">
	<extension point="xbmc.addon.repository" name="heckies Kodi addons">
		<info compressed="false">http://www.heckie.de/kodi-addons/addons.xml</info>
		<checksum>http://www.heckie.de/kodi-addons/addons.xml.md5</checksum>
		<datadir>http://www.heckie.de/kodi-addons/</datadir>
	</extension>
	<extension point="xbmc.addon.metadata">
		<summary>XBMC Addons provided by heckie</summary>
		<description></description>
		<disclaimer></disclaimer>
		<platform>all</platform>
	</extension>
</addon>
